name,set,collector_number,scryfall_id
Abrade,2xm,114,24da9431-7e52-44f5-bc18-2f2d8a4ca81e
Abrupt Decay,rtr,141,3b1e92b4-6e53-4dba-a572-c67e01965ac5
Adanto Vanguard,xln,1,21c950d7-b4f6-4902-8c9a-98f2933f9fa5
"Adeline, Resplendent Cathar",mid,1,18092f68-b96e-4084-9eba-b240d2195d81
Ademi of the Silkchutes,om1,1,8ff57c8b-173e-4a72-a0a0-1ad2d5cc6e5e
Aetherflux Reservoir,kld,192,96b6b2e1-c3e6-464c-8a13-b15deb34e862
"Ajani, Nacatl Pariah",mh3,237,0d16e8e0-31b2-4389-afd6-783c501f6fa0
Alpha Deathclaw,pip,91,ca4c8b04-66af-4cb3-8003-9088d8344b20
Amped Raptor,mh3,114,1ac0e78b-0fdd-44f9-8b7b-c4f28a32782e
Ancestral Recall,vma,1,2398892d-28e9-4009-81ec-0d544af79d2b
Ancient Tomb,uma,236,bd3d4b4b-cf31-4f89-8140-9650edb03c7b
Animate Dead,plst,EMA-78,4c732dc7-dd6b-4cc1-bbe0-ff3b1d2c7419
Arcane Denial,all,22a,b0c5728e-43e7-417a-ba18-5038345cec67
Archangel Elspeth,mom,320,93f99e67-901f-4c8d-8a09-e443b7eb928f
Archon of Cruelty,mh2,75,1be9d9a4-d7ee-4854-abc2-85cabf993ec9
Arid Mesa,zen,211,16c8d2fa-54a7-46e8-980c-905258497c90
Assassin's Trophy,grn,152,906b6e99-128f-4c11-8daf-16099d35b0d4
Astrologian's Planisphere,fin,46,bfa4e927-1d6f-4a64-9801-7d168a5ef3f6
"Atraxa, Grand Unifier",one,196,4a1f905f-1d55-4d02-9d24-e58070793d3f
Avacyn's Pilgrim,isd,170,7eb39e97-53c2-4df0-9fb3-a3d6a24ec41f
Badgermole Cub,tla,167,340c5799-4964-44dd-8c48-8f3f3aba5211
Badlands,sum,282,377cee38-e769-47b0-abd5-0f528600f36a
Balance,ema,2,ce648aa3-098b-4af0-a433-fd290bc85904
Baleful Mastery,stx,64,35f1a6ba-e46f-44fb-93f4-fb883d677b36
Baleful Strix,e01,80,06cb1bd6-73e0-4104-b344-4bc52d7dcedf
Baloth Prime,eoc,13,2c723fc9-d5c9-4126-a9a6-f80c247a4b6b
Barrowgoyf,m3c,102,cea3b218-0e6e-443a-84f7-380f1021e8e1
Basalt Monolith,cma,210,b90331d4-74f0-43bf-8ed2-f8616d782859
Batterskull,2xm,234,b7f16fdf-a3f5-462d-a64a-789d893b6ef5
Bayou,leb,279,17db2b6a-eaa8-4a08-9e86-370bbd058574
"Beza, the Bounding Spring",blb,2,fc310a26-b6a0-4e42-98ab-bdfd7b06cb63
Birds of Paradise,3ed,187,01e7b0bc-1c6c-48f4-8b72-1a809f536c6c
Birthing Pod,nph,104,b768efa2-e56b-4a7e-ace8-d673f10e0714
Birthing Ritual,mh3,146,4820d223-4ea1-4850-931c-3d2ab5eb003b
Bitter Reunion,bro,127,345a1c80-41d6-43b1-83ab-1aa56dd06b1b
Bitter Triumph,lci,91,05bdd22c-3e11-4c29-bdfa-d3dfc0e90a9f
Black Lotus,vma,4,bd8fa327-dd41-4737-8f19-2cf5eb1f7cdd
Blightsteel Colossus,2xm,235,18adbda4-8d36-47cd-afbc-c785aaa8ed80
Blood Crypt,sld,125,1716b4dd-9045-462b-b053-72de450a8cde
Bloodchief's Thirst,znr,94,059e8447-6b1c-4651-a734-a8fea2cbf7b2
Bloodstained Mire,ons,313,68c72226-6f52-4322-8b14-18737293dfa0
Bloodtithe Harvester,vow,232,f0192cf7-3391-4720-b9c8-72dec5dde01e
Bolas's Citadel,war,79,d2124603-d20e-40eb-97f0-a66323397ac2
Bone Shards,mh2,76,1ee98955-4c47-4d45-9377-608dfa755337
Bonecrusher Giant,eld,115,09fd2d9c-1793-4beb-a3fb-7a869f660cd4
"Borys, the Spider Rider",om1,126,a6d9b8d6-1e97-4e9c-b0c4-3b71734134a4
"Boseiju, Who Endures",neo,412,0055ea30-20fb-4324-a632-8fed87628f05
Bountiful Landscape,mh3,217,b277752b-430a-4f09-8a98-b72f813dd52e
Brain Freeze,vma,57,3a2d7cf9-dddb-4de3-b4f2-c52e3ec8fb4b
Brainstorm,c21,115,0359f212-9564-41a9-870b-d2c57455a695
Brazen Borrower,eld,39,c2089ec9-0665-448f-bfe9-d181de127814
Breeding Pool,sld,132,19477aca-b8db-4061-9a78-ebb189a9df22
"Bristly Bill, Spine Sower",otj,157,52eef0d6-24b7-40b7-8403-e8e863d0cd55
Broadside Bombardiers,lcc,86,9721f8da-39ed-4ada-a571-61e08a86032b
Burst Lightning,zen,119,2dc16614-5cf8-444d-a5ae-cac25018af68
Cast into the Fire,ltr,118,2ef878cb-27b6-47d8-ad11-bd20529b0e7e
Cathar Commando,dbl,10,a8069994-b103-40dc-9e14-062004914ec8
Cathartic Pyre,mid,133,b045c28a-39f9-4cd9-8f3a-a626b697f409
Caustic Bronco,otj,82,e9a268ba-c442-4fe4-90b4-2810c8474f4e
"Cecil, Dark Knight",fin,91,026e7167-d665-43d0-a51e-8df2d68cdb5e
Chain Lightning,ema,123,89af0f45-c11c-4f13-9950-b1489440ee5b
Chainsaw,dsk,128,54e0c2cd-fa5f-427d-8e15-6066f002a8e3
"Chandra, Torch of Defiance",ss3,1,c7bbb911-9de2-455d-9677-e1004db65dbd
Chaos Defiler,40k,110,1c0f2873-5849-4cab-855a-2fbbc41dbb6c
Charming Prince,eld,8,dcb94950-3f3e-4876-84f8-d5e4d9cfecee
Charming Scoundrel,woe,124,c8090bcf-e17a-4110-a518-77ccd045b18f
Chart a Course,jmp,142,1a6f256b-943e-4cfb-9fc9-d1ded68b5f97
Chrome Mox,mrd,152,6a058e68-70af-4a64-859c-c881e5578368
City of Traitors,exo,143,a7a8b6b8-b95f-4014-b17a-a6d44d965995
Coalition Relic,a25,223,02c532e8-21f1-4d6f-a931-1ea48a6aeea2
Cogwork Librarian,cns,58,453de664-0f09-4772-a626-51d58d1173f3
Collective Brutality,emn,85,cb94a02f-4660-45b6-8a39-941b710cf8f3
"Comet, Stellar Pup",unf,166,a76fa8d4-923d-4afc-ba47-ba10fc0fe46e
Commercial District,mkm,259,bf220c06-3cce-4bdd-aa58-83940c223e9c
Commune with Beavers,fin,182,784287c2-43c5-4210-93ae-cdd33b9acb1b
Concealing Curtains,vow,101,612b2e6e-fe8d-49ad-b845-6fa7fa59ffd1
Consider,mid,44,a211d505-4d40-4914-a9da-220770d6ddbc
Containment Priest,m21,13,a24e8dba-5c86-4e32-8a52-61402f7fe9f0
Contaminated Landscape,mh3,218,e2312c49-1627-47ad-8113-78a999a97d8d
Cori-Steel Cutter,tdm,103,490eb213-9ae2-4b45-abec-6f1dfc83792a
Cosmogrand Zenith,eoe,9,b3c1e5e3-4e6b-456a-958c-7a75c38f8183
Council's Judgment,cns,16,17f28b16-da65-41a8-ba4f-f1c5e104aad6
Counterspell,ema,43,0c9a7cb0-5bff-48ff-b620-2838816ac9b5
Courser of Kruphix,a25,164,8683a978-1bef-4b01-9361-56b1fc157d26
Court of Garenbrig,woc,25,d7a8cc1d-aabb-4eb6-b0f1-6c93ec246f61
Coveted Jewel,c18,54,f83ed433-fae3-4fa5-acad-bb8a5b535ce3
Craterhoof Behemoth,jmp,385,44afd414-cc69-4888-ba12-7ea87e60b1f7
Crop Rotation,ddr,7,15c34f32-49d9-4a0d-83b2-28172f54fdd1
Cryptic Coat,mkm,50,0c3d7e2c-a104-4757-9984-fb31088f92c4
Currency Converter,ncc,81,187b6719-e5ed-4615-a00b-3313ceca055b
Dack Fayden,ema,199,10158a5e-5a03-41ab-85d2-0907ccf32c9b
Damnation,plc,85,26c68473-70ca-40ba-b5c6-71ec30f88a2c
Dance of the Dead,ice,118,e7c53ba4-9956-4cd6-85ca-2d6b61a5127c
Dark Confidant,mm2,75,05cf51d8-9f91-42ff-99e9-4397f2251c20
Dark Depths,2xm,314,00cb17a0-5a13-4d02-b7fb-f99531bc8ca5
Dark Ritual,plst,A25-82,493a5ca7-5f90-4af4-b6db-43ae09a2f2c9
Darkstar Augur,blb,90,1c603751-1e2b-4c8e-a8d2-5c0876e7254f
Dauthi Voidwalker,mh2,450,29632951-3c3d-478c-8c5a-9a34f30a5c28
Day of Judgment,zen,9,2aa98fca-972b-46c2-bdec-6ace35c988d5
Daze,ema,44,f05e9a3e-8a35-4687-85cb-e31b3927a5e2
Deathrite Shaman,rtr,213,70496f16-c4c0-4c03-beef-454eb4824cd1
Deceptive Landscape,mh3,219,2ae6828e-ff19-45db-8b59-61616353491f
Deep Forest Hermit,h1r,20,96c5607b-55fe-43c2-93fe-0084d84499d9
Deep-Cavern Bat,lci,102,69c68c95-b788-43b1-9f22-1b22c5a00b25
Delighted Halfling,ltr,158,71384418-173a-4f77-adab-56e52fa23692
Demonic Tutor,dvd,49,68841ca8-a043-4f30-9a17-e983ed960bc2
Den of the Bugbear,afr,254,f231caf8-56c0-4719-a90d-5e5efbee3148
Depthshaker Titan,eoc,9,972f3582-ad7c-4fe9-af29-90fa695a623f
Descendant of Storms,tdm,8,f632be90-9e7f-41f8-a52e-a2952354d730
Dismember,nph,57,064dfdeb-485f-473e-9fa0-8fdb7638cdc6
Dragon's Rage Channeler,mh2,121,4ced112a-e775-4f97-97b3-74877e9dce12
Dreadhorde Arcanist,war,125,fd97b3cf-924e-4f77-bb82-0bf19592389f
Dreams of Steel and Oil,bro,92,261ac92e-c61a-4c11-aa6a-9ae1cb703e5c
Duress,m20,97,bb41ff5c-9617-4033-a4fa-99323640b9c3
Earthshaker Khenra,hou,90,0d60eabe-b281-4eba-9c26-287364ed2067
Echo of Eons,mh1,46,ff590af2-2d6c-4f16-a9b8-1a6dab6e9ad5
Elder Gargaroth,m21,179,d51269cf-a333-4a64-94cd-245798d840d2
Elegant Parlor,mkm,260,72c6d541-e2cb-4d6e-acac-90a8f53b7006
Elite Spellbinder,stx,17,9d3a7998-ccac-45ad-a4e9-3a2cb057f63b
"Elspeth, Storm Slayer",tdm,11,73a065e3-b530-4e62-ab3c-4f6f908184ec
Elvish Mystic,m14,169,60d0e6a6-629a-45a7-bfcb-25ba7156788b
Elvish Reclaimer,m20,169,39c431d7-d94b-46c4-bb89-f3db56214ab4
Embercleave,eld,120,aaae15dd-11b6-4421-99e9-365c7fe4a5d6
Embereth Shieldbreaker,eld,122,6cc73d16-5ed7-4104-91f6-0997a2080e2e
Emperor of Bones,mh3,90,df9d9075-2d1e-4848-b661-816d539e05eb
"Emrakul, the Aeons Torn",uma,4,0e0d989d-7186-40dc-bdfe-cfbb77656bc8
End-Raze Forerunners,rna,124,a50d79fe-6d37-42f3-b7b0-0c3018282fa2
Endurance,mh2,317,1fc6d14a-1328-4032-ad9e-cd85cd365bd3
Enduring Innocence,dsk,6,08f79439-b8f8-418f-9772-26d81844749e
Entomb,pd3,14,06c0c35d-a26e-473a-9206-8fbda7191700
Ephemerate,mh1,7,2da5f3f8-5eef-498f-ba2c-2f3fbc3745aa
Ertai Resurrected,dmu,199,7f7e780e-fbc5-4dc0-b5c7-efcb8645c7c6
Esika's Chariot,khm,169,a87606cc-fbf0-4e2c-9798-f1c935d0573d
Esper Sentinel,mh2,12,f3537373-ef54-4578-9d05-6216420ee349
"Etali, Primal Conqueror",mom,137,95c14c4d-6c16-4826-8d93-d89ad04aee09
Everflowing Chalice,wwk,123,1fdcc0c3-4029-4fc3-a486-5d7f45c910bd
Evolved Sleeper,dmu,93,ebeafbc2-0399-4335-8f63-76a3e085e8c6
Exhume,jmp,230,5f1cdcba-a04a-4a2f-8bc1-0dd7fa03754d
Expedition Map,2xm,255,551c0a45-9515-4e51-84e5-79703832a661
Exploration,cns,164,2b20d3e1-62ef-44db-8109-a33d4fa3e7f1
Expressive Iteration,stx,186,31b770cc-09e7-4c0b-b2a4-462ab4f7200d
Fable of the Mirror-Breaker,neo,141,24c0d87b-0049-4beb-b9cb-6f813b7aa7dc
Fabled Passage,eld,244,b841bfa8-7c17-4df2-8466-780ab9a4a53a
Faerie Mastermind,mom,58,52d3005f-a1c7-4ef5-911f-ccc0752f4181
Faithless Looting,plst,CM2-96,671c008a-8ff8-42d7-9e03-6d8a9ddace67
Fallen Shinobi,mh1,199,900c9dfd-ece1-4b09-a801-0fa05e1994b9
Fanatic of Rhonas,mh3,152,1f9fb33a-3b39-4aff-93b8-aedafe0ea694
Fastbond,cei,193,6151b583-3aa7-4be8-9d05-d5e53f19c6c9
Fatal Push,sld,112,5427d8a6-ac9e-4e50-bd39-81713b2ade25
Fateful Absence,mid,18,eca8d6f8-c6f1-437c-99e2-4281eae14a6f
Fear of Missing Out,dsk,136,9d48aaff-46ab-411b-9456-171d4709f951
Fellwar Stone,otc,257,33ca68a6-474e-4d86-bffa-ee4bddb4a3cf
Fiery Confluence,cm2,98,819a513c-3be6-4bdc-8ba6-1f7326a8f3ea
Figure of Destiny,eve,139,0da69523-cece-425a-b08a-fb27fac29374
Finale of Devastation,war,160,985453e7-997e-4d77-a338-cc0290791ebe
Fire Covenant,sld,271,2bf2da97-3331-4614-b4ff-f03d061500a7
Firebolt,dd2,49,3bd1ec98-8188-4649-899e-b0972509fc7e
Flame Slash,roe,145,006d2bf1-20f7-4b09-8d98-8233d91682bd
Flametongue Yearling,mh2,125,33ab05b5-d6f5-439c-9aed-1a58ceb282ad
Flash,mir,66,63af3c26-5b1f-46f6-9aa2-036c615bf5ea
Flickerwisp,eve,6,5bb3cb5c-8d66-4f5e-a9a9-917e6045f024
Flooded Strand,ktk,233,8c2996d9-3287-4480-8c04-7a378e37e3cf
Force of Negation,mh1,52,e9be371c-c688-44ad-ab71-bd4c9f242d58
Force of Will,ema,49,ebc01ab4-d89a-4d25-bf54-6aed33772f4b
Foreboding Landscape,mh3,221,57fb0fa7-0c5c-4a75-9461-c51403c30282
Forensic Gadgeteer,mkm,57,97d08a15-e61c-4421-a541-c68a4f87cb74
Formidable Speaker,ecl,176,265522eb-4f6a-40e7-b374-3833fa63c80b
Forth Eorlingas!,ltc,139,1e3e8085-cfcd-4e88-b441-4d1f8ac63904
Fractured Identity,sld,272,8db735ea-f9cf-4e3c-9200-4f180df55baa
Frantic Search,vma,70,441f8b2f-c8cb-4340-a92f-116c2276e906
Fury,mh2,313,071daca8-ccc6-4707-843e-adac40dd1588
Gaea's Cradle,usg,321,25b0b816-0583-44aa-9dc5-f3ff48993a51
Galvanic Discharge,mh3,122,32aa6e33-221f-414c-9b51-850d97a7e051
"Gau, Feral Youth",fic,55,89175ce1-0746-4ba1-970e-617d134b0527
Generous Plunderer,big,11,4c6cf93a-d073-48ac-88db-c46bf3e10beb
Get Lost,lci,14,522aa72b-2b8c-484c-872b-f082101cee35
"Gideon, Ally of Zendikar",bfz,29,187e887c-c39d-4d25-a506-cdc95fc70316
Gilded Goose,eld,160,30377bf0-d9b1-4c14-8dde-f74b1e02d604
Gitaxian Probe,nph,35,995486ce-58bb-4753-a812-0ca73ef1a235
Giver of Runes,mh1,13,4e117771-5a8b-4812-b487-32ba34b7f724
Gleemox,prm,26584,e6d7fba8-a157-4d81-9d6b-bd210a96b248
Glorybringer,akh,134,3277ad99-5682-4baa-b106-de15721876a6
"Goben, Gene-Splice Savant",om1,30,da13a060-36ee-41e9-bab1-af8ddcc893b8
Godless Shrine,gtc,242,6fd672bb-18cf-44e3-8dda-5310b1e0fffe
Goldvein Hydra,otj,167,de0e01e4-e143-47fd-8565-7b48219bb546
Greasewrench Goblin,dft,132,c8f0b123-fdb0-4f3e-ba78-fa155c227e20
Green Sun's Zenith,ema,169,01794178-cf41-454c-ac37-1d8b18e42db2
Grief,mh2,87,e6befbc4-1320-4f26-bd9f-b1814fedda10
Grim Monolith,prm,61567,0c3bc412-689f-4385-807b-ed60d6276d76
Griselbrand,avr,106,b51666ae-2aef-4cb1-9cd4-44aec81530f8
"Grist, the Hunger Tide",mh2,202,69af2825-18c2-4463-b6ba-42eaa070ccc1
Guide of Souls,mh3,29,76c3cad2-1e25-4abe-878d-9194de6fcc27
"Gut, True Soul Zealot",clb,180,3d8ca18d-9099-4f1e-95c1-f04da58a26bd
Hallowed Fountain,rtr,241,af7091c9-5f98-4078-a42b-c9e057346d9b
Headliner Scarlett,clu,4,be77b98a-dd79-477c-8ab2-7ebf5637a89e
Heartless Act,iko,91,e4e6794a-feeb-4fc8-a2ee-38c75c18aaae
Hedge Maze,mkm,262,5260f8ae-805b-4eae-badf-62de0f768867
Helping Hand,lci,17,b8aa7126-5df3-42dd-b4a3-0d0ea59eeebd
Hexdrinker,mh1,168,89f5cc05-5d9d-4709-b3c5-a6249c294acc
Hullbreacher,cmr,74,4df8aabc-7fcb-4b7b-980b-18f499e6c170
Hymn to Tourach,ema,92,3faa8c5e-9e1b-4cee-b322-a033bf33dcbc
Icetill Explorer,eoe,192,d9482aab-6ddf-48e1-84fa-b13d5ff81e69
Ignoble Hierarch,mh2,414,9417f14c-a853-42c6-a992-29139484260a
Imperial Recruiter,mh2,281,05bd329b-5707-42fc-af1c-084cc604e805
Imperial Seal,j16,6,5ab21006-7f61-49e0-8b6a-0397c5d4c3bd
Incinerate,m12,146,1af92296-455a-425e-9397-a96d09937767
Indatha Triome,iko,248,2b74bb81-fb9a-40e5-a941-e517430b52f5
Infernal Grasp,mid,107,17824929-f131-4b8d-addb-66c25323155e
Inquisition of Kozilek,cn2,140,56995b84-2307-4955-9c7c-dc4f04acdc07
"Inti, Seneschal of the Sun",lci,156,fa7a55aa-ae61-4933-b7a4-dcc55dac6fcd
Intrepid Adversary,mid,25,773199f9-c83b-4a77-8342-9f1552ecf595
"Ivora, Insatiable Heir",j25,50,2ba70366-b6ae-423a-a8d8-29d2b8afd939
"Jace, Vryn's Prodigy",ori,60,02d6d693-f1f3-4317-bcc0-c21fa8490d38
"Jace, the Mind Sculptor",wwk,31,0e606072-a3aa-4300-ba90-ec92a721fa76
Jack-in-the-Mox,ugl,75,1834ac92-8b4e-4442-a834-acd580e1ef99
Jacked Rabbit,blc,9,2c695df6-6bf2-4e6b-8500-e3116137ca27
Jetmir's Garden,snc,250,26d40e03-6de4-4373-9fbf-04c1dd79e995
"Kaito, Bane of Nightmares",dsk,220,55a14f30-4ff9-4472-90a6-c3139f1c18e5
Kaldra Compleat,mh2,227,87cc2855-6b14-44dd-a398-7dc2bbae081f
Kappa Cannoneer,nec,14,85a89077-b384-4fca-9d26-7297962c1541
Karakas,ema,240,605c2218-9d12-4ac3-a721-fca590b89847
"Karn, Scion of Urza",dom,1,07a3d9e8-8597-498b-869c-cff79e0df516
"Kellan, Planar Trailblazer",fdn,91,f46a9329-7b91-441d-8653-50c1152c9120
Ketria Triome,iko,250,a249b1f4-2b22-4b67-a207-e0c4ae95d2e1
Kitesail Freebooter,xln,110,f62fd592-4910-417d-a500-e7029f3d119f
Knight of Autumn,grn,183,3028075c-5fc5-4942-a984-1ffcf7a8933d
Knight of the Reliquary,ima,203,205df311-a72d-40f1-b2ea-9b30274bc9bd
Kolaghan's Command,dtk,224,7c884e1e-fecb-4330-b3de-5fc2a60f7173
"Laelia, the Blade Reforged",c21,53,a3bb2881-e8fb-4fba-a9f9-d93e6ca24378
Ledger Shredder,snc,46,7ea4b5bc-18a4-45db-a56a-ab3f8bd2fb0d
Legion Extruder,big,12,5a077de0-1893-40d0-a499-ee2e6e2258f1
"Leovold, Emissary of Trest",cn2,77,49bb0ad3-1082-41f1-82a4-52a4006cc9b6
Leyline Binding,dmu,24,3c3ac3dd-35db-447f-8674-37b4680a1ef7
Library of Alexandria,vma,303,e5145f31-a4ac-44ef-8f85-e4d95f2c9ff5
Life // Death,ddj,77,2424f2c4-366b-42cf-bf4b-a8a5bfdd2c4b
Lightning Bolt,plst,E01-54,32a180dd-9641-4546-8940-9b21084f0c71
Lightning Greaves,mrd,199,61a28870-cf78-4323-9d82-cee764067764
"Lightning, Army of One",fin,233,1103da9c-300c-406b-997d-9e5bb7cd02d6
Lightstall Inquisitor,eoe,24,635245e9-c27f-4a51-a6f1-bae62e696542
Lingering Souls,md1,11,70e33f45-7d47-423b-a123-8541f1d1afb4
Lion's Eye Diamond,vma,271,758f95f8-bcb0-43ae-b474-56ebd855951e
Llanowar Elves,m12,182,01c6f877-6b00-4d57-8a88-36cd3b16edbc
Long Goodbye,mkm,92,c3896705-bbd2-4ffb-a590-ee78e0eabdc5
Loran of the Third Path,bro,12,59faa45d-868b-4bc7-934c-0e077642e129
Lose Focus,mh2,49,985bdb0c-ce6c-4506-8163-76f3b2fdf5fb
"Lotho, Corrupt Shirriff",ltr,213,ce01ff8f-a037-484f-9148-c847ffaabc5a
Lotus Cobra,zen,168,19adde22-e5eb-4815-beb6-c520b3274cc9
Lotus Petal,v09,7,9814d8e8-c462-41ca-9909-1c659f488543
Luminarch Aspirant,znr,24,fe964e7e-e2c5-4263-889d-0a531eb51442
Lurrus of the Dream-Den,iko,226,5ad36fb2-c44e-4085-ba0d-54277841ad3a
Lush Portico,mkm,263,c17816e8-28b1-4295-a637-efb0e5c18873
LÃ³rien Revealed,ltr,60,0ce44270-a684-4489-9077-521456e6dfaa
"Magda, Brazen Outlaw",khm,142,079e6263-e54c-4899-a336-5315909b9322
"Malcolm, Alluring Scoundrel",lci,63,19d6834d-afa3-4747-a62d-0654f4d9729f
Malevolent Rumble,mh3,161,a178cfe8-f9fa-4255-88d0-54a0bed079f5
Mana Confluence,jou,163,504a69eb-3c2d-4bb1-b117-252b15acf0c2
Mana Crypt,ema,225,0cb33b46-4d1b-4f97-bfdc-d815aee111da
Mana Drain,ima,65,416d2d51-8f29-4e95-b037-e8c32b081e6c
Mana Leak,ima,66,247939d9-87e9-4f01-b223-fb4cfa7dbbe1
Mana Tithe,plc,25,7d48d622-f397-4f31-b1a5-0c23f60aa71c
Mana Vault,vma,274,d6ec3293-b09e-4931-ac4e-dc5eac0ca004
Marauding Mako,dft,138,9efbfd67-e0f5-43e0-9fff-1eb4a2bed0d8
Marsh Flats,zen,219,45026d57-0324-4312-8b86-2e7d4f581ee9
Mawloc,40k,133,bbec97ff-bb84-4496-9e09-d4fc1570c516
Memory Jar,v10,8,37dbe1a3-3c44-452b-9fb9-37f5d793d0b5
Mesmeric Fiend,ddk,7,1785cb18-c291-4fd5-b8c7-ace893c32e49
Metamorphosis Fanatic,dsc,21,16448d95-ee21-4def-b880-26f6f159c213
Meticulous Archive,mkm,264,652236c2-84ef-45e4-b5fc-ed6170bc3d6c
Mind Stone,wth,153,162e81d3-6cd4-4cb8-8ed8-cfbd8d34ca71
Mind Twist,prm,62427,5ad67b3c-cd5a-497b-8639-9b844e8d517a
"Minsc & Boo, Timeless Heroes",clb,285,928036c9-11b8-493e-b9f2-8fbd3487cd19
Mirage Mirror,hou,165,29148d7e-b398-4e19-a29e-d9a660ad5016
Miscalculation,ulg,36,4b4956a2-9a39-4152-9c98-70e4b2acfa26
Mishra's Bauble,csp,138,8a720448-017f-4f4a-9501-678245eaed17
Mishra's Factory,a25,242,245cdc59-d560-4c10-b721-f51cc312e370
Mishra's Workshop,vma,305,aac0c8df-f01d-4178-8d66-ee603f814d24
Misty Rainforest,zen,220,24a5cc2c-0fbf-4a5f-b175-6e0ffd0d0787
Moat,leg,28,952ba126-0915-47f0-9b6a-a0a6dcd22c6f
Molten Collapse,lci,234,2487d124-210b-4808-888c-cd0a78aebd90
Monastery Mentor,frf,20,abcd0e32-2e6b-419b-9e8a-af38f2b48a66
Mother of Runes,prm,59649,5b8ba842-c662-4686-bca3-93ddb7fa11a6
Mox Diamond,v10,10,fadb218d-29e2-42d1-a7a1-1066741d63ad
Mox Emerald,vma,5,aced2c55-7543-4076-bcdd-36c4d649b8ae
Mox Jet,vma,6,5f6927e1-c580-483a-8e2a-6e2deb74800e
Mox Pearl,vma,7,ed0216a0-c5c9-4a99-b869-53e4d0256326
Mox Poison,unk,RA11b,22c26e44-e129-4c4d-b552-3cc8774ce1a4
Mox Ruby,vma,8,45fd6e91-df76-497f-b642-33dc3d5f6a5a
Mox Sapphire,vma,9,ea1feac0-d3a7-45eb-9719-1cdaf51ea0b6
Multiversal Passage,spm,180,f5fb426a-5618-4dd4-9c51-0cc847be8c1d
Murktide Regent,mh2,52,20c4aae1-7665-4df7-bd51-a1d95bf8a17d
Mutavault,mor,148,8ca3c48b-f104-4292-9a4e-2ce87a65893c
Myr Battlesphere,c13,247,05e8a4ea-8c0d-4284-ac23-80e19fdde11d
Mystic Confluence,pz1,30,cf3eb762-6c3f-4b11-a4f9-968f79370217
Mystical Tutor,6ed,83,1571b584-9007-45ee-a3c3-6c72f227fee2
"Nadu, Winged Wisdom",mh3,193,94b67489-5eb0-4406-9bf3-27e50dc632eb
"Narset, Parter of Veils",war,61,8c39f9b4-02b9-4d44-b8d6-4fd02ebbb0c5
Natural Order,vis,114,0845f0b0-9413-4ddd-861d-9607636bebc6
Necromancy,vis,64,311a6257-dd77-4bb6-81cb-c8e7862350f3
Nethergoyf,mh3,103,3ee3945e-5089-4751-b7b3-5961c39d2a33
Nettlecyst,mh2,231,4a0bb5dc-75a6-4bd6-81f8-611197fb0fba
Night Scythe,40k,162,9a71531f-d4b6-4cc7-8193-b2f5bce33b21
Night's Whisper,ddm,68,18f23daa-bc59-456a-8a28-3823e51bc74b
"Nissa, Ascended Animist",one,175,1dd64b1d-bcef-476c-bf0b-3ac7df7cbed3
"Nissa, Who Shakes the World",pwar,169p,41e108a5-4e2f-42cf-9ea1-87bf3c0a2b7f
Noble Hierarch,2xm,177,400382a4-aea2-4827-b06a-1b0b3745908b
Novice Inspector,mkm,29,0ad38866-fc5f-4f62-89c1-afc0f50765aa
Occult Epiphany,voc,14,6920c895-bc98-4871-a53f-219fa27a74e5
Ocelot Pride,mh3,322,c86b8a75-9e31-4a44-95b8-c83b9a49646f
"Oko, Thief of Crowns",eld,197,3462a3d0-5552-49fa-9eb7-100960c55891
Old One Eye,40k,96,b5aaaee0-9a61-45df-821e-cce516f8de6a
Oliphaunt,ltr,139,6989018c-37b1-4282-a4af-9cc97f160b4d
"Omnath, Locus of Creation",znr,232,4e4fb50c-a81f-44d3-93c5-fa9a0b37f617
Ophiomancer,c13,84,66d80dd1-b944-4cb2-8578-b4dbcabbbc1e
Opposition,uds,40,95be2701-af7c-483e-8165-e8bd4b2774ed
Oracle of Mul Daya,jmp,415,5de097e5-e960-4404-a370-defe93ce892f
Orcish Bowmasters,ltr,103,7c024bae-5631-4e20-ac69-df392ac9e109
Orcish Lumberjack,plst,DDL-44,1f2f7d4b-aa65-42ed-a441-8e35be96743c
"Otawara, Soaring City",neo,271,486d7edc-d983-41f0-8b78-c99aecd72996
"Otharri, Suns' Glory",onc,3,80c72839-0fa6-4b5f-83b7-6553ebf09bef
Ouroboroid,eoe,201,209c591a-4ab2-4e89-9523-a7b766cf4e51
Oust,roe,40,07313dd3-d0dc-40ca-98a3-fa4d39e5bcae
Overgrown Tomb,rtr,243,1c7d50d6-b63a-4d8c-88fa-1d78ae693a45
Overlord of the Balemurk,dsk,113,9b911653-7b96-4cf3-a907-13c5c53a14f7
Palace Jailer,cn2,18,78cef262-c753-4658-b3ec-fec8db47f944
PalantÃ­r of Orthanc,ltr,247,6efb6a69-562c-4d95-858d-b067444cfd7e
Parallax Wave,vma,37,fe30c0ff-f74b-456a-a61e-3720d84d713f
Path to Exile,md1,3,045ce37b-86d2-4e56-84af-b6625b53d13c
Pentad Prism,5dn,143,672b9b16-daef-44e6-9a3a-cfd9f3c78bc7
Perilous Landscape,mh3,223,4b0bd07e-cf80-4d64-af29-f4cec6632b3e
Pest Infestation,c21,65,4720b4f2-e6af-4223-9250-a0ed21ed5693
Phantasmal Image,m12,72,98e7bf8f-dba7-4005-8cee-634c9153931d
"Phelia, Exuberant Shepherd",mh3,40,55707746-da6e-46e5-a5ca-7ac843fdc38e
Phyrexian Metamorph,nph,42,d2e27911-87cb-49a0-a34f-6afe4bddd592
Phyrexian Revoker,2xm,282,6982a82c-dd32-40d2-8dd2-ec92d0fc6c2d
Piggy Bank,dsk,148,55d35442-5ca0-4fd7-8ff1-b7347b3e6690
Plateau,cei,280,1daf4348-05c5-4c55-bcf2-c7bec7988bfc
Polluted Delta,ons,321,0f7585c8-9e21-4eef-afc1-2852de23db2f
Ponder,m10,68,3c02b8ee-84cb-44cb-ba14-9e725a9d03ee
Porcelain Legionnaire,nph,19,2616aa0e-8413-4e63-877c-bffd5263f552
Portal to Phyrexia,bro,240,5f608efc-0dbc-4cc3-aadd-ed473bfc29ab
Pre-War Formalwear,pip,21,19018f23-b63b-45af-8419-8959f41472d4
Preacher of the Schism,lci,113,89345f55-2b32-4356-945a-d56dded39909
Preordain,cmr,84,1453f92e-df2d-4789-aa1b-a5b5c51567d4
Prismari Command,stx,214,866b7fd4-86e3-4b42-b1ea-33bad0db1f9f
Prismatic Ending,mh2,25,825969b9-3c70-4fca-8cab-696e9ca7cdb2
Prismatic Vista,zne,27,1ac01fff-4de6-4783-9489-4127e25bc641
Psychic Frog,mh3,199,68924203-c3d9-41ce-8ca8-c6dd491eb3ca
Pyrite Spellbomb,mrd,232,97b9bab9-12ee-4da5-9d53-d0b82d9279cd
Pyroclasm,10e,222,0c0e7131-db26-448d-afda-f48337a026f0
Pyrogoyf,m3c,111,fa87bf1e-2062-4983-b1c4-98bffea69a4c
Pyrokinesis,all,78,db2a5e85-6cbc-43c1-9362-4056ad017ef0
Quantum Riddler,eoe,72,120be808-ff3b-4fca-96a1-4db6b9825856
Questing Beast,eld,171,e41cf82d-3213-47ce-a015-6e51a8b07e4f
Raffine's Tower,snc,254,a2c56479-4bee-4edb-80d7-4af010b7c793
"Ragavan, Nimble Pilferer",mh2,138,a9738cda-adb1-47fb-9f4c-ecd930228c4d
Ramunap Excavator,cmr,433,8870ef0b-cb1f-463b-8509-fece4743d3d4
Raucous Theater,mkm,266,b598c93e-dae1-4d71-a9e4-917abf76d2d0
Raugrin Triome,iko,251,02138fbb-3962-4348-8d31-faaefba0b8b2
Reanimate,uma,110,04fc99dc-bfbe-4567-b791-6b1db96471ec
Reclamation Sage,c18,159,0eee981e-5d26-4810-90e1-432f3c3107f2
Recruiter of the Guard,cn2,22,bb9ad57f-cca2-4717-a951-cbe3c7782efe
Recurring Nightmare,tpr,113,b50e1800-a45c-43bd-8886-8a06145d9346
Relic of Sauron,ltc,79,175b3d28-5c74-4972-9b5c-5e39762c78f4
Remand,ddm,26,0027e5ca-8046-40a0-bd73-79be55f28bff
Repeal,ddn,72,4acaef84-55d1-43dc-b10a-696182e6709b
Reprieve,ltr,26,1bd3fa8a-6c50-4f7f-9ae3-0810eec5e3db
Restoration Angel,ima,28,3b5233ff-03bc-4053-9b49-c4185c2de38d
Retrofitter Foundry,c18,57,5da578b8-19e6-4068-9336-e7cd33c585f1
Rishadan Port,a25,246,d2507bc2-da17-4e46-b4c5-ba0080ce2c6f
"Rofellos, Llanowar Emissary",uds,118,6aa5cc65-f8f1-4f6f-8b4e-2fedccbda684
Rot-Curse Rakshasa,tdm,87,31276460-fa9d-47da-85c5-c4baa8074d0d
Sacred Foundry,gtc,245,0a26d900-c652-4f9c-8681-a35c5f8b1937
Sage of the Skies,tdm,22,6ade6918-6d1d-448d-ab56-93996051e9a9
"Saheeli, Sublime Artificer",war,234,5a10b543-d5d4-42a8-9ee8-dada59a2ad7e
Savai Triome,iko,253,748e6a61-9c1f-4225-9f04-e54002f63ac3
Savannah,leb,281,0e9aeaa8-9a75-4719-992f-cbb316f72175
Scalding Tarn,zen,223,327cf118-cc92-4073-85d0-94d2a0a6989a
Scavenging Ooze,m21,204,487116ab-b885-406b-aa54-56cb67eb3ca5
Scions of the Ur-Spider,om1,154,b2996f07-9dbc-444f-aaae-710866da2b4b
Scrawling Crawler,fdn,132,a1176dcf-40ee-4342-aa74-791b8352e99a
Screaming Nemesis,dsk,157,ce35e6fb-ff54-44c4-a216-7ddd37f46882
Scrubland,cei,282,14065271-d942-42a8-aa38-d8a622c0375d
Scythecat Cub,j25,24,b3dd3c7d-4685-4579-b483-14ddaaaddf5b
Seasoned Pyromancer,mh1,145,2e139ad1-1079-49e9-babd-6399c44ad333
Securitron Squadron,pip,23,b689a206-aec3-4a31-95cf-3d4b840db04c
Seething Landscape,mh3,225,661fc907-7003-45c6-820c-9616e9a71c30
Sensei's Divining Top,chk,268,4a08ca06-58db-4ce6-b490-be4bea8956a1
Sentinel of the Nameless City,lci,211,eeeffc0b-dc92-458e-ad58-86ff6077a508
"Shadow, Mysterious Assassin",fic,50,f88d81d9-8ded-4c20-8237-2218046595fb
Shadowspear,thb,236,939c6e19-4b27-4023-bb9c-ae440f91e21c
Shadowy Backstreet,mkm,268,69c1b656-1d67-499c-bf0f-417682a86c7d
Shattered Landscape,mh3,226,b3da28c7-6e92-439d-a163-91682d4f11dc
"Shelinda, Yevon Acolyte",fic,94,6f2cec5d-50ea-4d0f-8925-eba06222d015
Shelldock Isle,lrw,272,4216656e-90e8-45fc-a0f6-0d0d79d0a021
Sheltering Landscape,mh3,227,0fe070f4-8877-4280-b8fd-869f3ac34ab6
Sheoldred's Edict,one,108,a9225cc3-90f0-448f-a8d9-7c6c2796d077
"Sheoldred, the Apocalypse",dmu,107,d67be074-cdd4-41d9-ac89-0a0456c4e4b2
Show and Tell,cn2,121,fa7b7897-36e0-415a-8bb7-602886164852
Six,mh3,169,f9246b68-580f-4f53-883d-7900880e4b0d
Skullclamp,c14,268,005dae9a-dddc-4a11-95bb-cce319edcce4
Skyclave Apparition,znr,39,b83cfbaa-7890-4f6f-878b-4edb45677371
Sleight of Hand,p02,46,f3405184-dcda-4bb6-ade6-c2a87bc3296d
Slickshot Show-Off,otj,146,7054012b-4f9d-44a0-aaf9-7fd3bddc7b2d
Smirking Spelljacker,otc,16,01d1e394-1b0c-4b40-ba85-f55973703d41
Smuggler's Copter,kld,235,7832abb5-5107-4603-904e-491b221bd3e3
Snapcaster Mage,mm3,50,4cbdacc1-7a1b-4633-85f5-eb50c2bf406d
Sneak Attack,ema,148,207d5f12-fbc6-4c75-9d84-fd2f0023fbd0
Snuff Out,mmq,162,18a3cca1-e50e-49b6-9e1a-f86640e3b177
Sol Ring,v10,12,073bfdca-d7b8-4f4b-93f3-6e7c44bc0b0a
Solitude,mh2,32,47a6234f-309f-4e03-9263-66da48b57153
Soulherder,khc,93,50bc0f5b-7421-45b9-af85-86dd9821b7d8
Sowing Mycospawn,mh3,170,cdfadb17-76ad-4d4d-9fa7-33c4b88b4c0a
Spara's Headquarters,snc,293,229a0d4a-3777-451d-a2fb-f1a2fdf8019f
Spell Pierce,mm3,51,53d4fd57-74b6-42c7-88b1-110e5a8dfc3c
Spell Queller,emn,189,9b76bcd4-580a-4435-afe9-290940b1837f
Springheart Nantuko,mh3,171,54a3ea87-005e-4985-b2a5-21711d0b71c0
Staff of the Storyteller,onc,10,ab1d1461-1625-4163-aacd-a939f4871fad
Starting Town,fin,289,fc7d1912-7e27-49ef-bd98-375d975a42b0
Static Prison,mh3,44,dd16222e-349c-4a2b-a7c8-8eb35a8ab332
Steam Vents,gpt,164,054f2276-2dd5-43da-bb26-c57c560861fe
Stern Scolding,ltr,71,3ca1e1de-b916-445f-b3b2-0f4d0cc7ceeb
Stock Up,dft,67,0a786855-6eb4-42c0-a528-4842db46809d
Stomping Ground,sld,126,4acf970d-d2d7-413d-aba7-587ee53d8d5c
Stonecoil Serpent,eld,235,b34bf7fd-9fe3-43e2-8cfe-7ce7cff08afe
Stoneforge Mystic,wwk,20,19557351-b65f-4b04-b971-66abdc07000a
Strip Mine,v09,13,2b5315a4-6a78-456f-8d5a-fea9d62f3f0e
Strix Serenade,mh3,327,5eccf31d-869d-4003-a92b-71b4f4b479ee
Summon: Good King Mog XII,fic,26,c14098d6-28ae-492f-8ffc-7d115d83ce6a
Sunset Saboteur,eoe,116,396bca07-82ba-49b7-b79e-7784b3a06d48
Suplex,fin,164,f61693a2-7042-44e0-85ba-9bf12ab94e7e
"Surrak, Elusive Hunter",tdm,161,e4775a26-0b66-40e9-8f64-41d9308ca032
Swords to Plowshares,plst,C16-78,e58e681e-a069-4414-aafe-634c7987fd0d
Sylvan Caryatid,ths,180,d40b65c1-b24d-492d-81b9-d8474ebdc08c
Sylvan Library,cm1,17,3003d481-1b52-4aa9-bbdc-e948fbc8d49d
Sylvan Safekeeper,jud,133,f1b8413f-c9fc-4cea-b416-a1fcf651b009
Taiga,2ed,283,01006833-6007-4c16-9ebb-20d31c60a57a
Talisman of Creativity,mh1,231,4d9dbadd-c1b6-44fe-92ac-6f69d7178342
Talisman of Curiosity,mh1,232,fd52688a-39fd-430f-b950-cb56e0004396
Talisman of Dominance,mrd,253,991037a2-fea2-49f5-8ace-ebbf9f678cff
Talisman of Progress,mrd,256,41ff849e-2439-4690-8aa4-769039b6da4c
Talon Gates of Madara,m3c,134,c565f8fe-acf7-40dd-8100-8f692d1e232c
"Tamiyo, Inquisitive Student",mh3,242,2a717b98-cdac-416d-bf6c-f6b6638e65d1
Tangle Wire,v13,8,74d29b3d-f588-431d-bf4e-f7215683ab39
Tarfire,lrw,194,d13a898e-6a97-4fd9-980e-3bfd8d755386
"Teferi, Hero of Dominaria",dom,207,5d10b752-d9cb-419d-a5c4-d4ee1acb655e
"Teferi, Time Raveler",war,221,5cb76266-ae50-4bbc-8f96-d98f309b02d3
Temple Garden,grn,258,2b9b0195-beda-403e-bc27-7ae3be9f318c
Tendrils of Agony,vma,142,6f26faca-f338-4ce5-a218-6a61d40fc50a
"Tezzeret, Cruel Captain",eoe,2,02e8e540-8aa3-4e6a-9a11-c3949cab5f0f
"Thalia, Guardian of Thraben",ha2,4,8e42df9e-95f2-4c79-9274-2d16e3cd91f1
The Aetherspark,dft,231,05690d52-06c4-40b1-8360-380418a83250
The Goose Mother,woe,204,1a55c370-d396-4c73-8ee2-83dc4c124005
The One Ring,ltr,246,d5806e68-1054-458e-866d-1f2470f682b2
The Tabernacle at Pendrell Vale,leg,307,64bc9b1d-5818-4d9e-b771-e49af4ff9a5c
The Wandering Emperor,pneo,42s,106f9629-b3aa-4703-82fb-c1e771bbce72
Thespian's Stage,uma,253,107492bd-b32f-4692-917c-7771986b5bf7
Thieving Skydiver,znr,85,ff84ea71-e477-44f7-a3f8-77fef708efeb
Third Path Iconoclast,bro,223,f1a21287-e244-4960-84fb-c4f6e5c346d9
Thoughtseize,ima,110,310a1c46-8331-4a09-9fcb-d942f8102364
Thraben Inspector,2xm,35,2be39749-ad6f-4160-99eb-c677eee7f1b2
Thragtusk,m13,193,28667c8b-d02c-4e57-a050-1549207b65d1
Through the Breach,chk,193,6da09e6a-2965-4855-bd41-41b41ba188fb
Thundering Falls,mkm,269,17260fff-b239-4af4-9306-3236ae3fa5a5
Tidehollow Sculler,mma,184,09521f23-52d6-482d-9f3b-c4d12fcc08cc
Time Spiral,prm,62221,641b21e1-9188-4bc3-96e8-cda2acbc5ed5
Time Walk,prm,46912,a1febcf1-afa4-4406-9ac1-5bf98b2765d2
Time Warp,tpr,74,e7b3ddca-69ef-4743-897b-57c58077db24
Timetwister,prm,46918,94c6fdd8-21e7-48ae-aa05-a3666b928c1a
Tinker,v09,14,1e2fee55-227b-4373-a3f7-b463f220033f
Tireless Tracker,soi,233,ee8e9928-d9b2-4570-adb8-44b34115decd
Tishana's Tidebinder,lci,81,907b3d1d-8c85-4707-80b5-c4d832df9846
"Titania, Protector of Argoth",c14,50,224d904a-5972-4152-878a-9a922e7a55b6
"Toby, Beastie Befriender",dsk,35,f33d3948-fe7b-4c3b-ab67-1022623fbb2b
Tolarian Academy,vma,319,fd99bce1-ce39-464b-8e61-2631eb3ed6f6
"Torsten, Founder of Benalia",dmc,47,0783b426-a527-42c1-9271-be28b229e1c6
Touch the Spirit Realm,neo,40,e16ab44e-4257-4c0c-b705-8ac1e9c1d835
Toxic Deluge,c13,96,564caf57-4ba5-4993-a35e-945699c94eb7
Tranquil Landscape,mh3,231,113f48b9-a972-4e2c-af95-05ab078e01f2
Traveling Chocobo,fin,210,2462df62-fc35-47ed-9571-40452074dc6d
Tribal Flames,inv,176,9b32531e-c759-4603-abd0-1724e8df70db
Triplicate Titan,c21,79,568dd5a6-86f4-4039-87d7-812120c8ab94
Troll of Khazad-dÃ»m,ltr,111,a6539e26-b63b-4725-9407-caaf451de084
Tropical Island,cei,284,729daf0e-b822-41bd-a908-ca8ec34032f0
Tundra,2ed,285,0d08f5e4-d2d3-4659-86d4-a983d80e3b2c
Twisted Landscape,mh3,232,d0e3e7b3-7ba9-47a2-b46c-a40bffb445e2
"Ugin, Eye of the Storms",tdm,1,64a5d494-efa1-446b-bebe-2ad36e154376
"Ulamog, the Infinite Gyre",v11,14,0645f487-efe5-4764-b361-85e07bb5ccca
Umezawa's Jitte,bok,163,3b6e5956-f795-451b-bb24-56462d1ced27
Undercity Sewers,mkm,270,2b5801fb-2026-4f25-98bc-ebb2f99684b9
Underground Mortuary,mkm,271,f6ca59cd-8779-4a84-a54b-e863b79c61f0
Underground Sea,sum,290,068bb15a-fc2d-42a2-859b-837b946d23c0
Underworld Breach,thb,161,0e51d796-7279-4c06-87f0-37adbdaa41df
Unearth,ulg,72,b6cb2549-e485-44d6-9d65-7605c568909e
Unholy Heat,mh2,145,2b73d294-6ab1-4051-9b0f-d8e335d37674
Unruly Krasis,clu,50,a3b1b58d-b7f1-404f-aec6-b19cef4bebbd
Unstoppable Slasher,dsk,119,c78da035-6b5b-4136-9ab6-f622b64fdc54
Unwanted Remake,dsk,39,7b54447f-1daf-4352-b5c3-3c0ec8b8f4d0
Upheaval,v14,13,7c353e83-4b63-4bc6-b029-273d2eca1f75
"Uro, Titan of Nature's Wrath",thb,229,a0b6a71e-56cb-4d25-8f2b-7a4f1b60900d
Ursine Monstrosity,dsc,36,73cc6df4-3564-4ace-bf8a-eac3e62d725a
Urza's Saga,mh2,259,c1e0f201-42cb-46a1-901a-65bb4fc18f6c
"Urza, Lord High Artificer",mh1,75,9e7fb3c0-5159-4d1f-8490-ce4c9a60f567
"Valgavoth, Terror Eater",dsk,120,7740ff55-67bb-409e-90f7-2c2c8b8c770a
Vampiric Tutor,cmr,156,18bd50f2-c3ba-4217-a2d5-bb771e199706
Vaultborn Tyrant,big,20,62b3f560-262b-4bc3-9aef-535fd7082c28
Vendilion Clique,mm2,67,01978fe5-00a9-4add-ae2a-b4c2572ffb9a
Verdant Catacombs,mm3,249,15faa763-b897-4e86-b094-73f3236291a9
Virtue of Persistence,woe,115,f1e5cafb-b0e6-4ee5-8c58-6f8e5ef2b9da
Voice of Resurgence,dgm,114,07246783-d475-4f61-99ac-e2b574072349
Voice of Victory,tdm,33,ec3de5f4-bb55-4ab9-995f-f3e0dc22c1bb
Volcanic Island,leb,287,0324641d-af55-4c53-b4dc-c8262e967da5
Volcanic Spite,mom,170,69490262-afc2-4692-8fac-b771a972c8f8
Walk-In Closet // Forgotten Cellar,dsk,205,0adcd4e5-d542-4293-8774-ace2305ef820
Walking Ballista,aer,181,329a8738-3e17-403a-857a-0ba529ce8cd1
"Wan Shi Tong, All-Knowing",tle,98,777fcc21-2856-4181-8ecd-c272f9769e36
"Wan Shi Tong, Librarian",tla,78,e20da6b5-1057-4a28-9e85-07de714e262f
Wasteland,tmp,330,99ff731b-8399-40c8-b539-ba6ba5783771
Watery Grave,rav,286,139b90cd-8272-457a-be32-1298145345be
Wheel of Fortune,sum,185,3f3c77ad-fce8-4506-90e1-7ef71552a71c
White Plume Adventurer,clb,49,b256ddc8-8b12-434c-a610-1a872e948f2f
Wight of the Reliquary,mh3,207,a15570c0-4210-4959-8584-987ec85f8283
Windfall,usg,111,2aef4608-5ba8-4636-b5e7-cac57c5c0608
Winds of Abandon,plst,MH1-37,345a4aee-5846-4ae9-9af1-4c8fe8d692ec
Windswept Heath,zne,5,63c59228-c742-4abd-b4d7-9f7880190e95
Wishclaw Talisman,eld,110,07c17b01-ee5d-491a-8403-b3f819b778c4
Wooded Foothills,zne,4,1066a94a-8e4f-4d77-820b-7a77a18116f0
Woodfall Primus,shm,135,43aa7e35-55ee-4e02-a8aa-ea2b267055d1
Worldspine Wurm,rtr,140,543d55cb-3a6b-4620-af25-10ae74ed32c4
Wrath of God,ema,38,2d9b12cc-f616-4b52-91eb-a430e70f9251
Wrenn and Six,mh1,217,4a706ecf-3277-40e3-871c-4ba4ead16e20
Wurmcoil Engine,som,223,33672990-4860-4aa6-ac1b-f9da66f5da59
Xander's Lounge,snc,260,54f449ff-4025-465e-9ec5-a5cf42c4c9d3
"Yavimaya, Cradle of Growth",mh2,261,4e4b6e22-93b2-4896-bba5-0ceaa5d8ea3c
Yawgmoth's Will,prm,35080,efda91fa-03b2-4fb4-ae07-b45f6c6d3eab
"Yuffie, Materia Hunter",fic,65,117bb5db-4a1c-4704-b0b5-c67b45ac2f52
Zagoth Triome,iko,259,cc520518-2063-4b57-a0d4-10cf62a7175e
Zealous Conscripts,mm3,116,df3784d4-80cd-4f78-afb3-d61f3bab5b2c
Zealous Persecution,arb,85,07d8ae46-14ec-4878-ba8a-a47d4508c6d7
Ziatora's Proving Ground,snc,261,75fdce80-e338-4a50-bdc6-786511feaeef
Zuran Orb,ice,350,3a9d1082-a862-45d4-9e5e-392e879fead6
